steps,reward,lenght
0,0,0
0,0,0
0,0,0
555,9.766983695733492,10
555,0,0
555,0,0
1325,9.912181426256325,5
1909,9.950887126170702,3
