steps,reward,lenght
0,0,0
650,9.811846579728908,9
650,0,0
650,0,0
1306,9.866446020121108,7
1306,0,0
