steps,reward,lenght
0,0,0
724,9.980848627975755,2
724,0,0
1337,9.854125254207892,8
1963,9.865046012702328,7
2697,9.87031463902515,6
3497,9.906289473169645,5
4406,9.739848007010037,11
