steps,reward,lenght
0,0,0
0,0,0
641,9.946707987765054,3
641,0,0
1284,9.947796064046013,4
2173,9.962068605300917,3
