steps,reward,lenght
0,0,0
608,9.817985936838985,9
608,0,0
1249,9.971738965407603,2
1249,0,0
