steps,reward,lenght
0,0,0
0,0,0
591,9.758198080645258,12
591,0,0
1222,9.90473642090996,5
