steps,reward,lenght
0,0,0
622,9.808452220258532,9
1267,9.87866040279983,7
