steps,reward,lenght
0,0,0
0,0,0
0,0,0
0,0,0
732,9.834349536752491,8
732,0,0
1295,9.988472887457144,1
