steps,reward,lenght
0,0,0
604,9.974789871065449,2
1423,9.95161618719587,3
