steps,reward,lenght
0,0,0
0,0,0
542,9.985012391705249,2
542,0,0
1133,9.959416994116005,3
