steps,reward,lenght
0,0,0
615,9.796912390704527,9
615,0,0
615,0,0
1383,9.866831315270908,7
