steps,reward,lenght
0,0,0
587,9.962792070328973,3
1255,9.948704796368661,4
1925,10.0,1
2551,9.948288570401045,3
3268,9.912270174871699,5
3909,9.847559494972433,8
