steps,reward,lenght
0,0,0
0,0,0
592,9.930297781386017,4
1283,9.764111655999562,11
