steps,reward,lenght
0,0,0
588,9.762813207544049,10
588,0,0
1192,9.992947530544674,1
1192,0,0
1802,10.0,1
