steps,reward,lenght
0,0,0
0,0,0
559,9.498351614365662,20
1141,9.968211578487148,3
1766,10.0,1
2354,10.0,1
3167,9.776754076741785,10
3828,10.0,1
