steps,reward,lenght
0,0,0
595,10.0,1
1331,9.8575597757373,8
1331,0,0
1331,0,0
1886,9.788332982640696,11
