steps,reward,lenght
0,0,0
0,0,0
0,0,0
610,9.808256101667189,9
1264,9.732289477171216,13
1911,9.867268099600755,7
