steps,reward,lenght
0,0,0
614,9.992805351770013,1
614,0,0
614,0,0
1269,9.918178197027675,5
1269,0,0
