steps,reward,lenght
0,0,0
0,0,0
0,0,0
621,9.958980373028503,3
1284,9.69300441288142,13
1933,9.828457224901275,8
2568,9.890761795173761,6
3177,9.865543467886988,7
