steps,reward,lenght
0,0,0
0,0,0
699,9.876993472774746,7
1401,9.95449951808747,3
2041,9.887701972965035,7
2752,9.984743648138844,2
3484,9.947583980237637,4
