steps,reward,lenght
0,0,0
0,0,0
0,0,0
548,9.980941141202875,2
548,0,0
548,0,0
1122,9.91629570521048,5
