steps,reward,lenght
0,0,0
885,9.959505365399584,3
1517,9.910995839424439,5
2142,9.801931597318424,10
2750,9.830617973665799,9
3561,9.826379246244343,9
