steps,reward,lenght
0,0,0
0,0,0
0,0,0
629,9.801733991369598,10
1263,9.707883995793193,13
