steps,reward,lenght
0,0,0
627,9.796361759668672,10
1252,9.904923076360431,6
