steps,reward,lenght
0,0,0
829,10.0,1
829,0,0
1573,9.595843858922903,18
2245,9.984675288204654,2
