steps,reward,lenght
0,0,0
603,9.94474310683171,4
1181,9.802470552636343,10
1804,9.789636092919489,11
1804,0,0
1804,0,0
