steps,reward
0,0,0
600,9.953242965738664,3
1444,9.843862042313406,8
2150,9.983278041111381,2
2788,9.934227942351903,5
