steps,reward,lenght
0,0,0
950,9.589884028410218,18
2047,9.904819846562969,5
2749,9.905766940947593,5
3596,9.870931134605657,7
4332,9.754754570601632,11
