steps,reward,lenght
0,0,0
0,0,0
602,9.963082982926935,3
602,0,0
602,0,0
1393,9.76835553336901,10
