steps,reward,lenght
0,0,0
0,0,0
0,0,0
627,9.87167959268638,7
627,0,0
1274,9.876085270648163,7
1876,9.988770480601177,1
2507,9.891031866050891,6
