steps,reward,lenght
0,0,0
0,0,0
0,0,0
666,9.787595224813202,10
666,0,0
1448,10.0,1
2070,9.909704180500794,5
2743,10.0,1
3398,9.918052638939828,5
