steps,reward,lenght
0,0,0
656,9.767102755029473,11
1315,9.810324910872419,9
1315,0,0
2059,9.95640198418761,3
2729,9.905212159266332,5
3393,9.977368685045565,2
3988,10.0,1
