steps,reward,lenght
0,0,0
582,9.948778938545214,3
582,0,0
1110,9.955015533328773,3
1110,0,0
