steps,reward
0,0,0
0,0,0
537,9.72071708949063,13
537,0,0
537,0,0
1153,9.773890418495029,10
