steps,reward,lenght
0,0,0
597,9.768901084525673,10
1449,9.996058878411697,1
