steps,reward
0,0,0
576,9.886375416627084,7
1156,9.927196077288587,4
1712,9.897312601194049,6
2374,10.0,1
2980,9.890977078258931,6
