steps,reward,lenght
0,0,0
587,9.768944769954349,11
587,0,0
587,0,0
587,0,0
1190,9.84148396750289,8
