steps,reward,lenght
0,0,0
607,9.82914321989955,9
1223,9.738959436550669,12
1223,0,0
1223,0,0
1844,9.877297509212289,7
2460,10.0,1
