steps,reward,lenght
0,0,0
0,0,0
0,0,0
0,0,0
632,9.74972752884484,11
1388,9.846607106560521,8
1992,9.746594890437995,11
