steps,reward,lenght
0,0,0
0,0,0
0,0,0
628,9.900664599228676,6
628,0,0
1483,9.803796148687676,9
