steps,reward,lenght
0,0,0
772,9.978402169331591,2
772,0,0
1434,9.548895443560179,18
