steps,reward,lenght
0,0,0
596,9.966708156591398,3
1287,9.95728432638806,3
1956,9.99602041414453,1
2576,9.762869520509161,11
3374,9.88997739099254,6
