steps,reward,lenght
0,0,0
0,0,0
0,0,0
616,9.774118945113603,11
1220,9.964709171015981,3
