steps,reward,lenght
0,0,0
644,9.750724757145992,12
1235,9.996172095137233,1
