steps,reward,lenght
0,0,0
0,0,0
732,9.806692958634487,9
1419,9.83493535820524,9
2038,9.913250956496062,5
