steps,reward,lenght
0,0,0
0,0,0
651,9.930850878895326,4
1251,9.722194405090397,9
1251,0,0
