steps,reward,lenght
0,0,0
0,0,0
0,0,0
0,0,0
0,0,0
639,9.731659835850863,11
1298,9.876750232938184,6
