steps,reward,lenght
0,0,0
538,9.851095881525188,8
1209,9.695807663848072,13
1209,0,0
1874,9.834675623546257,8
2497,9.977474930054969,2
