steps,reward,lenght
0,0,0
581,9.96997823392711,2
581,0,0
581,0,0
1206,9.836446286335663,9
