steps,reward,lenght
0,0,0
675,9.74170421585599,12
1410,9.89762606267155,6
