steps,reward,lenght
0,0,0
0,0,0
0,0,0
0,0,0
0,0,0
0,0,0
692,9.875036857792574,7
1312,9.896678035816409,6
