steps,reward,lenght
0,0,0
0,0,0
0,0,0
685,9.812859708629588,9
1376,9.900227899542724,6
