steps,reward,lenght
0,0,0
597,9.898969744807863,6
1199,9.975420263007104,2
1897,9.798467760119085,10
2537,9.965037696726704,3
