steps,reward,lenght
0,0,0
611,9.932108578778408,5
1285,9.88578336412559,7
1893,9.907295947193816,5
2563,9.945809783316792,4
