steps,reward
0,0,0
606,9.934367886482287,4
1193,9.865421294196079,6
1828,10.0,1
2532,9.959109187973285,3
