steps,reward,lenght
0,0,0
613,9.83509226315271,8
613,0,0
613,0,0
1289,9.932542075986639,4
1881,9.80617171167592,9
2590,9.601436105453752,17
