steps,reward,lenght
0,0,0
595,9.97077976280024,2
1286,9.793957994852422,10
1991,9.806586429377292,9
