steps,reward,lenght
0,0,0
546,9.803662917615634,10
1616,9.844814744597317,8
2257,9.687161593625913,13
2887,9.992971728897185,1
