steps,reward,lenght
0,0,0
716,9.860533091520882,7
1392,9.787121572356655,10
2129,9.981706985386129,2
