steps,reward,lenght
0,0,0
603,9.803094339339816,9
603,0,0
1319,9.996497791284346,1
1319,0,0
1964,10.0,1
