steps,reward,lenght
0,0,0
590,9.719576867644264,13
1248,9.742745837960186,12
1248,0,0
