steps,reward,lenght
0,0,0
612,9.729933228854199,13
1333,9.857397177624154,7
1980,9.741716526191393,11
2668,9.724880287337585,12
3246,9.915442065597372,5
