steps,reward,lenght
0,0,0
0,0,0
0,0,0
575,10.0,1
1160,9.836927943022749,8
1835,9.885902805808275,6
2500,9.930519167587692,5
3068,9.980778257235224,2
