steps,reward,lenght
0,0,0
0,0,0
646,9.918087606022631,5
1338,9.802911475737512,9
