steps,reward,lenght
0,0,0
0,0,0
0,0,0
659,9.97203353680053,2
1340,9.907716212239231,6
1975,9.992791387499821,1
2712,9.888127300167074,6
