steps,reward,lenght
0,0,0
809,9.725272743815943,12
809,0,0
809,0,0
1461,9.867960076413214,7
2074,9.876101238781008,7
2728,9.860674899908938,7
