steps,reward,lenght
0,0,0
623,9.827308992845047,8
623,0,0
1375,9.929234939289241,5
