steps,reward,lenght
0,0,0
586,9.831996191368825,8
1259,9.878762512348459,6
