steps,reward,lenght
0,0,0
632,9.948755133519485,4
632,0,0
1247,9.843383128602165,8
1247,0,0
1858,9.861997670731492,7
