steps,reward,lenght
0,0,0
0,0,0
0,0,0
659,9.992852454656326,1
659,0,0
1283,9.811706382850968,10
2007,9.991947831150817,1
2695,9.866861432421222,8
