steps,reward,lenght
0,0,0
634,9.860005360876412,7
634,0,0
634,0,0
1310,9.877357809196155,7
1310,0,0
