steps,reward,lenght
0,0,0
0,0,0
764,9.992890058592241,1
1454,9.821482720439754,9
1454,0,0
