steps,reward,lenght
0,0,0
628,9.928179940495998,5
1349,9.920212420626587,5
1988,9.931162906426183,4
2585,9.806938672035214,10
3208,9.81540831255635,9
