steps,reward,lenght
0,0,0
601,9.804807500131009,10
1212,9.790676107778163,10
1941,9.876009840229157,7
2571,9.852803036151283,8
3187,9.9645592062849,3
3876,10.0,1
