steps,reward,lenght
0,0,0
607,9.992503516043188,1
1196,9.981091877223141,2
1196,0,0
1878,9.725767551412034,13
2543,9.965416916582654,3
