steps,reward,lenght
0,0,0
0,0,0
0,0,0
676,9.527180024421966,19
676,0,0
1240,9.942001713644133,4
