steps,reward,lenght
0,0,0
610,9.90666284733362,5
1224,9.946730309033937,3
1849,9.75264896160834,11
