steps,reward,lenght
0,0,0
607,9.967541592435877,3
607,0,0
607,0,0
607,0,0
1125,9.963428084962482,3
