steps,reward,lenght
0,0,0
660,9.78073081359058,10
1237,9.934579486092227,5
