steps,reward,lenght
0,0,0
0,0,0
0,0,0
651,9.983326026278053,2
1276,10.0,1
1919,9.975150433380678,2
