steps,reward,lenght
0,0,0
0,0,0
0,0,0
0,0,0
724,9.759224296192201,11
724,0,0
724,0,0
1332,9.896166732653546,6
