steps,reward,lenght
0,0,0
0,0,0
640,9.9122341526937,5
640,0,0
1260,9.903228237757899,5
