steps,reward,lenght
0,0,0
0,0,0
0,0,0
696,9.75730444123146,11
696,0,0
1594,9.812502361604954,9
2219,9.833953584345783,8
