steps,reward,lenght
0,0,0
663,9.93222547429617,4
1293,9.980327100256336,2
1293,0,0
