steps,reward,lenght
0,0,0
586,9.892838971090063,6
1191,9.771413307336001,11
1884,9.899470178816122,6
2683,9.988019839022874,1
3307,9.830901637469788,9
