steps,reward,lenght
0,0,0
683,9.624262509182298,16
1306,9.851900038357646,7
1944,9.910976782383178,5
2575,9.921941628068536,5
3169,9.917829087100092,5
3870,9.7850014457215,11
