steps,reward,lenght
0,0,0
645,9.787612767033531,10
645,0,0
1278,9.844603203280746,8
2017,10.0,1
