steps,reward,lenght
0,0,0
0,0,0
0,0,0
611,9.791183558551944,9
1197,9.844868635833521,8
1876,9.979054937401354,2
2527,9.92746477272187,4
