steps,reward,lenght
0,0,0
0,0,0
650,9.865032272965934,7
1270,9.824261796710516,9
1270,0,0
1833,10.0,1
