steps,reward,lenght
0,0,0
592,9.870215333898503,7
1204,9.844608730269222,8
