steps,reward,lenght
0,0,0
709,9.983699857454031,2
709,0,0
1388,9.930991980712676,4
1388,0,0
1388,0,0
