steps,reward,lenght
0,0,0
698,10.0,1
1346,9.887899720856595,6
1346,0,0
1909,9.892984236604276,6
