steps,reward,lenght
0,0,0
825,9.941184169367128,4
1531,9.923806319544525,5
