steps,reward,lenght
0,0,0
912,9.895638380965774,6
1512,10.0,1
2178,9.915092893603044,5
2817,9.793597926590138,10
3440,9.977867980308877,2
4051,9.896671237980385,6
