steps,reward,lenght
0,0,0
560,9.818095656826928,9
560,0,0
1181,9.770868551686505,11
1903,-36.21102143386512,100
2696,9.866781492316052,7
