steps,reward,lenght
0,0,0
0,0,0
643,9.92655917221143,5
643,0,0
643,0,0
1260,9.902735443618848,5
