steps,reward,lenght
0,0,0
0,0,0
690,9.709319138790347,10
1394,9.358058931975306,30
1394,0,0
1978,9.758384966208599,11
