steps,reward,lenght
0,0,0
0,0,0
0,0,0
650,9.853914980511123,8
1271,9.992958918157639,1
