steps,reward,lenght
0,0,0
0,0,0
672,9.94196262100069,4
1384,9.938378212823668,4
1963,9.807187863045042,10
2614,9.852114541924644,8
3311,9.938286015258312,4
3962,9.863161993843313,8
