steps,reward,lenght
0,0,0
634,9.717700200901083,12
1225,9.868368816313856,7
1225,0,0
1776,9.969871445817342,2
2383,9.951498106477663,4
